SNP	CHR	BP	P
rs141718194	19	48259848	9.276759838088645e-22
rs146766138	11	67800607	1.1362997553193386e-18
rs17514908	8	16859260	1.2018867904793786e-13
rs67262263	11	1213405	2.670235089278251e-13
11:19186693:G:T	11	19186693	2.1894971947410105e-12
13:52707856:G:A	13	52707856	1.0072652973631623e-11
rs114200255	7	1854838	6.74681482998484e-09
rs114691085	4	185038990	9.452323411379517e-09
rs1538482	20	47705496	4.3322396610272855e-08
rs1569750	20	47603241	4.82801332988608e-08
