locus_id	SNP	CHR	BP	P	method
locus_0001_chr4_185038990	rs114691085	4	185038990	9.452323411379517e-09	distance
locus_0002_chr7_1854838	rs114200255	7	1854838	6.74681482998484e-09	distance
locus_0003_chr8_16859260	rs17514908	8	16859260	1.2018867904793786e-13	distance
locus_0004_chr11_1213405	rs67262263	11	1213405	2.670235089278251e-13	distance
locus_0005_chr11_19186693	11:19186693:G:T	11	19186693	2.1894971947410105e-12	distance
locus_0006_chr11_67800607	rs146766138	11	67800607	1.1362997553193386e-18	distance
locus_0007_chr13_52707856	13:52707856:G:A	13	52707856	1.0072652973631623e-11	distance
locus_0008_chr19_48259848	rs141718194	19	48259848	9.276759838088645e-22	distance
locus_0009_chr20_47705496	rs1538482	20	47705496	4.3322396610272855e-08	distance
